{
  "mae": 343357.75,
  "rmse": 384713.1511139176,
  "r2": -2.06916880607605
}